<topic number="2024-145979"><query>what is vicarious trauma and how can it be coped with?</query><original_query><query_id>2024-145979</query_id><text>what is vicarious trauma and how can it be coped with?</text></original_query></topic>
<topic number="2024-216592"><query>why disability insurance is a smart investment</query><original_query><query_id>2024-216592</query_id><text>why disability insurance is a smart investment</text></original_query></topic>
<topic number="2024-32912"><query>how bad did the vietnam war devastate the economy in 1968</query><original_query><query_id>2024-32912</query_id><text>how bad did the vietnam war devastate the economy in 1968</text></original_query></topic>
<topic number="2024-153051"><query>what target stors's policies for shoplifting</query><original_query><query_id>2024-153051</query_id><text>what target stors's policies for shoplifting</text></original_query></topic>
<topic number="2024-128784"><query>what can a career in civil engineering be like?</query><original_query><query_id>2024-128784</query_id><text>what can a career in civil engineering be like?</text></original_query></topic>
<topic number="2024-79081"><query>how taylor swift's age affects her relationships</query><original_query><query_id>2024-79081</query_id><text>how taylor swift's age affects her relationships</text></original_query></topic>
<topic number="2024-42497"><query>how does the informal recycling sector add to air pollution through burning of e-waste?</query><original_query><query_id>2024-42497</query_id><text>how does the informal recycling sector add to air pollution through burning of e-waste?</text></original_query></topic>
<topic number="2024-158743"><query>what was happening in germany and netherlands in the 1840s</query><original_query><query_id>2024-158743</query_id><text>what was happening in germany and netherlands in the 1840s</text></original_query></topic>
<topic number="2024-143869"><query>what is scientific evidence for or against the use of yoghurt</query><original_query><query_id>2024-143869</query_id><text>what is scientific evidence for or against the use of yoghurt</text></original_query></topic>
<topic number="2024-133137"><query>what did bonding mean in australia for students</query><original_query><query_id>2024-133137</query_id><text>what did bonding mean in australia for students</text></original_query></topic>
<topic number="2024-36155"><query>how did mexican murals affect influence the social structure?</query><original_query><query_id>2024-36155</query_id><text>how did mexican murals affect influence the social structure?</text></original_query></topic>
<topic number="2024-12875"><query>can someone become lactose intolerant over a period of time?</query><original_query><query_id>2024-12875</query_id><text>can someone become lactose intolerant over a period of time?</text></original_query></topic>
<topic number="2024-29941"><query>explain how hereditary diseases are passed from one generation to another.</query><original_query><query_id>2024-29941</query_id><text>explain how hereditary diseases are passed from one generation to another.</text></original_query></topic>
<topic number="2024-43037"><query>how europe solved its russian gas problem</query><original_query><query_id>2024-43037</query_id><text>how europe solved its russian gas problem</text></original_query></topic>
<topic number="2024-43983"><query>how has inclusivity made vogue magazine more popular</query><original_query><query_id>2024-43983</query_id><text>how has inclusivity made vogue magazine more popular</text></original_query></topic>
<topic number="2024-214126"><query>why are most inmate suicides occruing july - september</query><original_query><query_id>2024-214126</query_id><text>why are most inmate suicides occruing july - september</text></original_query></topic>
<topic number="2024-220140"><query>why is britain turning into the under-40s diabetes capital of the world?</query><original_query><query_id>2024-220140</query_id><text>why is britain turning into the under-40s diabetes capital of the world?</text></original_query></topic>
<topic number="2024-224279"><query>why should teachers always be reviewing their instruction</query><original_query><query_id>2024-224279</query_id><text>why should teachers always be reviewing their instruction</text></original_query></topic>
<topic number="2024-69711"><query>how much does the chinese government bowlderize its citizens</query><original_query><query_id>2024-69711</query_id><text>how much does the chinese government bowlderize its citizens</text></original_query></topic>
<topic number="2024-214096"><query>why are marijuana users stereotypically portrayed as sluggish people with the munchies?</query><original_query><query_id>2024-214096</query_id><text>why are marijuana users stereotypically portrayed as sluggish people with the munchies?</text></original_query></topic>
<topic number="2024-219624"><query>why has olive oil increased in price</query><original_query><query_id>2024-219624</query_id><text>why has olive oil increased in price</text></original_query></topic>
<topic number="2024-220058"><query>why is being born premature a risk factor for child abuse</query><original_query><query_id>2024-220058</query_id><text>why is being born premature a risk factor for child abuse</text></original_query></topic>
<topic number="2024-73340"><query>how much support did the patriot act receive?</query><original_query><query_id>2024-73340</query_id><text>how much support did the patriot act receive?</text></original_query></topic>
<topic number="2024-44060"><query>how hatred is used as a tool to unite people in 1984</query><original_query><query_id>2024-44060</query_id><text>how hatred is used as a tool to unite people in 1984</text></original_query></topic>
<topic number="2024-96359"><query>how were the non aligned countries affected by boris yeltsin</query><original_query><query_id>2024-96359</query_id><text>how were the non aligned countries affected by boris yeltsin</text></original_query></topic>
<topic number="2024-41918"><query>how does plutonium help us improve technology?</query><original_query><query_id>2024-41918</query_id><text>how does plutonium help us improve technology?</text></original_query></topic>
<topic number="2024-142395"><query>what have teen done to stop animal testing</query><original_query><query_id>2024-142395</query_id><text>what have teen done to stop animal testing</text></original_query></topic>
<topic number="2024-40863"><query>how does bee sting affect quality of life?</query><original_query><query_id>2024-40863</query_id><text>how does bee sting affect quality of life?</text></original_query></topic>
<topic number="2024-35284"><query>how did andrew carnegie impact modern medicine</query><original_query><query_id>2024-35284</query_id><text>how did andrew carnegie impact modern medicine</text></original_query></topic>
<topic number="2024-136156"><query>what do studies show about the relationship between stress and memory?</query><original_query><query_id>2024-136156</query_id><text>what do studies show about the relationship between stress and memory?</text></original_query></topic>
<topic number="2024-88894"><query>how to help students understand number of deaths in world war 1</query><original_query><query_id>2024-88894</query_id><text>how to help students understand number of deaths in world war 1</text></original_query></topic>
<topic number="2024-43905"><query>how gulf states are putting their money into mining</query><original_query><query_id>2024-43905</query_id><text>how gulf states are putting their money into mining</text></original_query></topic>
<topic number="2024-22886"><query>do illegal immigrants get free healthcare</query><original_query><query_id>2024-22886</query_id><text>do illegal immigrants get free healthcare</text></original_query></topic>
<topic number="2024-35269"><query>how did american leaders think the marshall plan would help american businesses?</query><original_query><query_id>2024-35269</query_id><text>how did american leaders think the marshall plan would help american businesses?</text></original_query></topic>
<topic number="2024-41198"><query>how does edi impact nursing</query><original_query><query_id>2024-41198</query_id><text>how does edi impact nursing</text></original_query></topic>
<topic number="2024-73918"><query>how often do officers kill innocent victims</query><original_query><query_id>2024-73918</query_id><text>how often do officers kill innocent victims</text></original_query></topic>
<topic number="2024-219661"><query>why have we lost so many nematicides over the past 2-3 decades</query><original_query><query_id>2024-219661</query_id><text>why have we lost so many nematicides over the past 2-3 decades</text></original_query></topic>
<topic number="2024-44059"><query>how has zabriskie point's climate changed?</query><original_query><query_id>2024-44059</query_id><text>how has zabriskie point's climate changed?</text></original_query></topic>
<topic number="2024-217279"><query>why do marines not get paid well</query><original_query><query_id>2024-217279</query_id><text>why do marines not get paid well</text></original_query></topic>
<topic number="2024-158261"><query>what us trade policies help aid chinese growth?</query><original_query><query_id>2024-158261</query_id><text>what us trade policies help aid chinese growth?</text></original_query></topic>
<topic number="2024-18963"><query>did old dominion commit voter fraud</query><original_query><query_id>2024-18963</query_id><text>did old dominion commit voter fraud</text></original_query></topic>
<topic number="2024-19025"><query>did people trust the telephone when it was invented</query><original_query><query_id>2024-19025</query_id><text>did people trust the telephone when it was invented</text></original_query></topic>
<topic number="2024-141577"><query>what happens if you are deemed a public menace</query><original_query><query_id>2024-141577</query_id><text>what happens if you are deemed a public menace</text></original_query></topic>
<topic number="2024-129925"><query>what change did marius make in the roman empire</query><original_query><query_id>2024-129925</query_id><text>what change did marius make in the roman empire</text></original_query></topic>
<topic number="2024-158677"><query>what was entertainment like in the 1990s in the us</query><original_query><query_id>2024-158677</query_id><text>what was entertainment like in the 1990s in the us</text></original_query></topic>
<topic number="2024-127288"><query>what are some of the issues related to aging and the workplace?</query><original_query><query_id>2024-127288</query_id><text>what are some of the issues related to aging and the workplace?</text></original_query></topic>
<topic number="2024-137182"><query>what does it mean for a cybercrime to appeal to a victim</query><original_query><query_id>2024-137182</query_id><text>what does it mean for a cybercrime to appeal to a victim</text></original_query></topic>
<topic number="2024-213469"><query>why a comprehensive crypto bill is unlikely to pass</query><original_query><query_id>2024-213469</query_id><text>why a comprehensive crypto bill is unlikely to pass</text></original_query></topic>
<topic number="2024-213817"><query>why are cancer rates higher on the east coast</query><original_query><query_id>2024-213817</query_id><text>why are cancer rates higher on the east coast</text></original_query></topic>
<topic number="2024-35620"><query>how did escalante encourage students to envision their futures?</query><original_query><query_id>2024-35620</query_id><text>how did escalante encourage students to envision their futures?</text></original_query></topic>
<topic number="2024-41849"><query>how does our use of electronics cause natural disasters</query><original_query><query_id>2024-41849</query_id><text>how does our use of electronics cause natural disasters</text></original_query></topic>
<topic number="2024-149459"><query>what percent of students are bullied because of race</query><original_query><query_id>2024-149459</query_id><text>what percent of students are bullied because of race</text></original_query></topic>
<topic number="2024-36302"><query>how did old riaño residents protest relocation?</query><original_query><query_id>2024-36302</query_id><text>how did old riaño residents protest relocation?</text></original_query></topic>
<topic number="2024-152259"><query>what society issues did goth rock address</query><original_query><query_id>2024-152259</query_id><text>what society issues did goth rock address</text></original_query></topic>
<topic number="2024-27366"><query>does minimalism comes from creativity?</query><original_query><query_id>2024-27366</query_id><text>does minimalism comes from creativity?</text></original_query></topic>
<topic number="2024-224926"><query>why was salsa not noticed in america</query><original_query><query_id>2024-224926</query_id><text>why was salsa not noticed in america</text></original_query></topic>
<topic number="2024-217812"><query>why do some people have positive cantal tilt</query><original_query><query_id>2024-217812</query_id><text>why do some people have positive cantal tilt</text></original_query></topic>
<topic number="2024-215952"><query>why did robespierre care so much about killing the king</query><original_query><query_id>2024-215952</query_id><text>why did robespierre care so much about killing the king</text></original_query></topic>
<topic number="2024-79154"><query>how the solar eclipse can affect mental health</query><original_query><query_id>2024-79154</query_id><text>how the solar eclipse can affect mental health</text></original_query></topic>
<topic number="2024-22410"><query>do employers take online degrees seriously</query><original_query><query_id>2024-22410</query_id><text>do employers take online degrees seriously</text></original_query></topic>
<topic number="2024-223358"><query>why is there a watermelon shortage</query><original_query><query_id>2024-223358</query_id><text>why is there a watermelon shortage</text></original_query></topic>
<topic number="2024-133810"><query>what did rapoza and baker find in mental health</query><original_query><query_id>2024-133810</query_id><text>what did rapoza and baker find in mental health</text></original_query></topic>
<topic number="2024-213978"><query>why are french farmers protesting</query><original_query><query_id>2024-213978</query_id><text>why are french farmers protesting</text></original_query></topic>
<topic number="2024-105741"><query>is it dangerous to have wbc over 15,000 without treatment?</query><original_query><query_id>2024-105741</query_id><text>is it dangerous to have wbc over 15,000 without treatment?</text></original_query></topic>
<topic number="2024-29182"><query>does your mood have an effect on buying things</query><original_query><query_id>2024-29182</query_id><text>does your mood have an effect on buying things</text></original_query></topic>
<topic number="2024-219631"><query>why has the japanes bond market been dropping since 2010</query><original_query><query_id>2024-219631</query_id><text>why has the japanes bond market been dropping since 2010</text></original_query></topic>
<topic number="2024-96063"><query>how using maps can impact your pedagogy</query><original_query><query_id>2024-96063</query_id><text>how using maps can impact your pedagogy</text></original_query></topic>
<topic number="2024-41464"><query>how does humility lead us to the good life</query><original_query><query_id>2024-41464</query_id><text>how does humility lead us to the good life</text></original_query></topic>
<topic number="2024-223499"><query>why is twitter declined ad revenue</query><original_query><query_id>2024-223499</query_id><text>why is twitter declined ad revenue</text></original_query></topic>
<topic number="2024-94706"><query>how to views of euthanasia vary from west to east</query><original_query><query_id>2024-94706</query_id><text>how to views of euthanasia vary from west to east</text></original_query></topic>
<topic number="2024-23862"><query>do states mismanage transportation funds?</query><original_query><query_id>2024-23862</query_id><text>do states mismanage transportation funds?</text></original_query></topic>
<topic number="2024-216957"><query>why do holidays not feel festive anymore</query><original_query><query_id>2024-216957</query_id><text>why do holidays not feel festive anymore</text></original_query></topic>
<topic number="2024-214257"><query>why are people boycotting starbucks</query><original_query><query_id>2024-214257</query_id><text>why are people boycotting starbucks</text></original_query></topic>
<topic number="2024-33466"><query>how can coaches improve team performance?</query><original_query><query_id>2024-33466</query_id><text>how can coaches improve team performance?</text></original_query></topic>
<topic number="2024-35227"><query>how did african rulers contribute to the triangle trade</query><original_query><query_id>2024-35227</query_id><text>how did african rulers contribute to the triangle trade</text></original_query></topic>
<topic number="2024-222465"><query>why is prostitution a crime</query><original_query><query_id>2024-222465</query_id><text>why is prostitution a crime</text></original_query></topic>
<topic number="2024-215044"><query>why did 99 cent srtores go out of business</query><original_query><query_id>2024-215044</query_id><text>why did 99 cent srtores go out of business</text></original_query></topic>
<topic number="2024-152817"><query>what steps should individuals take to dispose of their electronic devices?</query><original_query><query_id>2024-152817</query_id><text>what steps should individuals take to dispose of their electronic devices?</text></original_query></topic>
<topic number="2024-224701"><query>why was dame van winkle portrayed so negatively?</query><original_query><query_id>2024-224701</query_id><text>why was dame van winkle portrayed so negatively?</text></original_query></topic>
<topic number="2024-213789"><query>why are blacks at higher risk for organ failure?</query><original_query><query_id>2024-213789</query_id><text>why are blacks at higher risk for organ failure?</text></original_query></topic>
<topic number="2024-224226"><query>why should guns on the streets be banned</query><original_query><query_id>2024-224226</query_id><text>why should guns on the streets be banned</text></original_query></topic>
<topic number="2024-38986"><query>how do we support life on other planets</query><original_query><query_id>2024-38986</query_id><text>how do we support life on other planets</text></original_query></topic>
<topic number="2024-217488"><query>why do people feel watched</query><original_query><query_id>2024-217488</query_id><text>why do people feel watched</text></original_query></topic>
<topic number="2024-214467"><query>why are students protesting at columbia</query><original_query><query_id>2024-214467</query_id><text>why are students protesting at columbia</text></original_query></topic>
<topic number="2024-219563"><query>why free things have less percieved value</query><original_query><query_id>2024-219563</query_id><text>why free things have less percieved value</text></original_query></topic>
<topic number="2024-121840"><query>should teachers notify parents about state testing?</query><original_query><query_id>2024-121840</query_id><text>should teachers notify parents about state testing?</text></original_query></topic>
<topic number="2024-58819"><query>how many latino have been misinformed about education?</query><original_query><query_id>2024-58819</query_id><text>how many latino have been misinformed about education?</text></original_query></topic>
<topic number="2024-42014"><query>how does religion show in public school</query><original_query><query_id>2024-42014</query_id><text>how does religion show in public school</text></original_query></topic>
<topic number="2024-127266"><query>what are some key challenges related to the recycling of e-waste?</query><original_query><query_id>2024-127266</query_id><text>what are some key challenges related to the recycling of e-waste?</text></original_query></topic>
